user_id,login_hour,session_duration,ip_address,failed_attempts,day_of_week,event_type,timestamp
user_9,20,38,192.168.1.203,7,0,login,2025-03-28 20:00:37.097491
user_1,15,10,192.168.1.33,8,6,login,2025-04-04 15:55:37.097491
user_2,10,21,192.168.1.154,7,1,login,2025-03-13 10:00:37.097491
user_8,15,84,192.168.1.30,6,2,login,2025-04-07 15:31:37.097491
user_7,9,16,192.168.1.208,9,6,logout,2025-04-04 09:34:37.097491
user_9,0,1,192.168.1.67,3,3,logout,2025-04-01 01:33:37.097491
user_4,12,113,192.168.1.215,5,6,login,2025-04-02 12:39:37.097491
user_3,4,113,192.168.1.156,5,1,login,2025-04-02 04:02:37.097491
user_9,15,60,192.168.1.74,9,5,login,2025-03-23 15:45:37.097491
user_10,23,2,192.168.1.84,7,4,login,2025-04-03 23:42:37.097491
user_1,3,180,192.168.1.85,3,5,logout,2025-03-15 23:25:37.097491
user_5,4,20,192.168.1.77,7,1,login,2025-04-04 04:04:37.098494
user_7,18,58,192.168.1.10,7,5,login,2025-03-21 18:20:37.098494
user_4,8,34,192.168.1.176,7,3,login,2025-03-17 08:04:37.098494
user_8,1,180,192.168.1.234,1,6,login,2025-03-13 12:14:37.098494
user_5,0,180,192.168.1.142,1,5,login,2025-03-25 16:27:37.098494
user_10,23,42,192.168.1.130,5,1,login,2025-03-17 23:18:37.098494
user_5,1,180,192.168.1.197,4,3,login,2025-03-24 06:25:37.098494
user_2,13,42,192.168.1.44,9,0,login,2025-03-20 13:11:37.098494
user_2,1,180,192.168.1.224,1,6,login,2025-03-17 23:02:37.098494
user_8,3,1,192.168.1.186,1,0,login,2025-03-27 13:50:37.098494
user_4,1,1,192.168.1.82,0,0,login,2025-04-09 04:36:37.098494
user_3,21,3,192.168.1.120,5,2,login,2025-04-02 21:06:37.099496
user_6,1,180,192.168.1.229,4,0,login,2025-03-31 05:59:37.099496
user_7,1,1,192.168.1.17,2,6,login,2025-03-16 08:40:37.099496
user_8,17,70,192.168.1.110,8,1,logout,2025-03-25 17:14:37.099496
user_8,7,13,192.168.1.71,7,3,login,2025-03-30 07:10:37.099496
user_4,2,0,192.168.1.147,2,6,login,2025-04-05 22:50:37.099496
user_8,18,11,192.168.1.173,9,6,logout,2025-04-05 18:02:37.099496
user_6,0,0,192.168.1.224,0,6,logout,2025-04-04 09:33:37.099496
user_6,2,1,192.168.1.236,0,3,login,2025-03-21 05:27:37.099496
user_1,0,95,192.168.1.156,5,3,login,2025-03-29 00:37:37.099496
user_9,21,49,192.168.1.32,5,6,logout,2025-03-24 21:36:37.099496
user_1,21,20,192.168.1.123,8,2,login,2025-03-14 21:22:37.100499
user_3,2,76,192.168.1.63,8,5,login,2025-04-01 02:27:37.100499
user_6,1,20,192.168.1.214,5,5,login,2025-03-16 01:06:37.100499
user_9,17,35,192.168.1.81,9,6,login,2025-03-18 17:45:37.100499
user_10,3,0,192.168.1.250,3,5,login,2025-03-13 00:00:37.100499
user_5,0,0,192.168.1.94,1,1,login,2025-04-02 08:16:37.100499
user_6,16,71,192.168.1.163,9,5,login,2025-03-30 16:43:37.100499
user_6,1,180,192.168.1.137,4,4,login,2025-04-08 20:07:37.100499
user_8,12,93,192.168.1.158,8,1,login,2025-04-01 12:31:37.100499
user_9,9,53,192.168.1.64,6,5,login,2025-03-27 09:22:37.100499
user_1,2,180,192.168.1.218,0,0,login,2025-03-14 01:35:37.100499
user_7,3,0,192.168.1.152,4,2,login,2025-04-03 04:36:37.101507
user_3,2,180,192.168.1.14,4,6,login,2025-03-28 14:40:37.101507
user_4,23,49,192.168.1.246,6,4,login,2025-03-15 23:00:37.101507
user_10,1,1,192.168.1.13,1,5,login,2025-03-15 02:59:37.101507
user_4,21,113,192.168.1.176,6,6,login,2025-04-03 21:40:37.101507
user_7,1,0,192.168.1.178,0,3,login,2025-03-17 03:08:37.101507
user_2,0,180,192.168.1.146,1,0,login,2025-03-26 20:16:37.101507
user_6,20,47,192.168.1.200,9,4,login,2025-03-28 20:18:37.101507
user_7,20,18,192.168.1.27,8,4,login,2025-03-27 20:13:37.101507
user_6,2,180,192.168.1.226,1,0,login,2025-03-25 05:23:37.101507
user_5,5,16,192.168.1.186,9,0,logout,2025-04-02 05:21:37.101507
user_1,3,1,192.168.1.203,0,0,login,2025-03-14 03:42:37.102509
user_3,7,69,192.168.1.208,5,6,login,2025-03-24 07:11:37.102509
user_5,14,27,192.168.1.140,8,2,login,2025-03-28 14:18:37.102509
user_9,1,180,192.168.1.72,0,4,login,2025-04-11 09:13:37.102509
user_4,9,4,192.168.1.134,5,2,login,2025-03-19 09:47:37.102509
user_10,3,180,192.168.1.134,3,2,login,2025-03-19 15:10:37.102509
user_10,1,28,192.168.1.80,5,0,login,2025-04-10 01:45:37.102509
user_2,3,1,192.168.1.223,3,2,login,2025-03-20 09:28:37.102509
user_6,1,0,192.168.1.17,1,5,login,2025-03-25 01:44:37.102509
user_9,0,180,192.168.1.185,0,6,login,2025-03-29 12:36:37.102509
user_5,1,1,192.168.1.171,4,0,login,2025-03-19 23:21:37.102509
user_5,17,63,192.168.1.94,7,3,login,2025-03-28 17:46:37.103511
user_10,2,180,192.168.1.66,4,2,login,2025-04-07 21:27:37.103511
user_10,9,104,192.168.1.206,7,1,login,2025-04-07 09:41:37.103511
user_6,1,1,192.168.1.220,1,0,login,2025-04-04 06:35:37.103511
user_6,18,32,192.168.1.123,9,0,login,2025-03-26 18:36:37.103511
user_5,3,1,192.168.1.48,3,2,login,2025-04-02 12:21:37.103511
user_9,2,1,192.168.1.83,3,6,logout,2025-03-24 11:24:37.103511
user_10,8,31,192.168.1.127,5,1,logout,2025-03-20 08:24:37.103511
user_6,1,180,192.168.1.108,2,1,login,2025-03-23 18:29:37.103511
user_8,3,59,192.168.1.235,5,6,login,2025-03-29 03:44:37.103511
user_8,0,1,192.168.1.224,2,1,login,2025-03-17 08:17:37.103511
user_6,12,34,192.168.1.122,6,2,login,2025-03-28 12:46:37.104512
user_3,18,114,192.168.1.152,9,6,login,2025-04-07 18:08:37.104512
user_3,1,1,192.168.1.217,1,5,login,2025-03-13 09:40:37.104512
user_1,3,1,192.168.1.193,3,5,login,2025-04-02 01:13:37.104512
user_4,2,0,192.168.1.150,0,3,login,2025-03-29 18:50:37.104512
user_9,13,27,192.168.1.239,6,0,login,2025-04-05 13:39:37.104512
user_9,0,180,192.168.1.239,1,6,login,2025-03-25 14:44:37.104512
user_2,0,0,192.168.1.249,4,5,login,2025-03-18 05:17:37.104512
user_6,3,1,192.168.1.25,0,5,login,2025-03-30 17:12:37.104512
user_8,3,1,192.168.1.221,3,5,login,2025-04-11 23:14:37.104512
user_3,3,180,192.168.1.239,2,1,login,2025-03-26 07:03:37.105527
user_2,2,0,192.168.1.225,2,6,login,2025-04-06 08:30:37.105527
user_2,2,1,192.168.1.151,0,4,login,2025-04-08 09:41:37.105527
user_4,12,78,192.168.1.190,5,3,login,2025-03-13 12:03:37.105527
user_2,3,97,192.168.1.245,6,2,login,2025-03-23 03:48:37.105527
user_1,17,3,192.168.1.37,8,0,login,2025-03-15 17:07:37.105527
user_6,3,0,192.168.1.194,3,5,login,2025-04-11 18:34:37.105527
user_5,0,0,192.168.1.180,2,5,login,2025-04-11 10:50:37.105527
user_7,2,1,192.168.1.251,3,1,login,2025-03-30 20:40:37.105527
user_7,3,48,192.168.1.13,8,3,login,2025-03-14 03:26:37.105527
user_6,1,1,192.168.1.77,1,5,login,2025-03-14 06:26:37.105527
user_7,12,78,192.168.1.29,8,4,logout,2025-03-18 12:56:37.106529
user_8,22,78,192.168.1.49,7,1,login,2025-03-21 22:47:37.106529
user_5,1,180,192.168.1.228,4,5,login,2025-03-21 03:59:37.106529
user_3,2,91,192.168.1.122,7,1,login,2025-03-14 02:27:37.106529
user_7,4,57,192.168.1.68,5,4,login,2025-03-21 04:00:37.106529
user_8,2,1,192.168.1.194,0,3,login,2025-03-31 19:45:37.106529
user_9,23,97,192.168.1.207,8,3,login,2025-03-31 23:59:37.106529
user_1,3,108,192.168.1.250,7,5,login,2025-03-14 03:53:37.106529
user_3,2,0,192.168.1.72,2,2,login,2025-03-30 13:43:37.106529
user_8,1,1,192.168.1.172,3,3,login,2025-04-09 19:49:37.106529
user_4,3,180,192.168.1.250,1,4,login,2025-03-14 06:35:37.106529
user_3,2,0,192.168.1.50,0,6,login,2025-03-19 06:55:37.106529
user_1,11,5,192.168.1.188,8,5,login,2025-03-31 11:33:37.107531
user_4,0,180,192.168.1.224,0,6,login,2025-03-26 18:39:37.107531
user_5,21,94,192.168.1.95,5,0,login,2025-03-26 21:31:37.107531
user_10,14,110,192.168.1.79,5,3,login,2025-03-22 14:28:37.107531
user_7,5,81,192.168.1.18,8,6,login,2025-04-02 05:52:37.107531
user_8,15,42,192.168.1.159,6,5,login,2025-03-26 15:06:37.107531
user_6,1,0,192.168.1.189,4,1,login,2025-03-20 01:37:37.107531
user_8,10,90,192.168.1.204,9,3,login,2025-03-28 10:50:37.107531
user_6,11,16,192.168.1.48,7,4,login,2025-03-13 11:42:37.107531
user_5,1,180,192.168.1.157,0,4,login,2025-04-02 08:44:37.107531
user_6,21,73,192.168.1.14,7,0,login,2025-03-24 21:53:37.107531
user_2,16,96,192.168.1.57,8,2,login,2025-04-10 16:04:37.108533
user_5,1,1,192.168.1.254,3,1,login,2025-03-22 16:12:37.108533
user_10,2,0,192.168.1.84,0,0,login,2025-03-25 07:23:37.108533
user_4,3,1,192.168.1.244,3,0,login,2025-04-11 22:18:37.108533
user_2,12,34,192.168.1.33,7,0,login,2025-03-17 12:19:37.108533
user_7,18,13,192.168.1.102,8,6,login,2025-03-18 18:34:37.108533
user_2,0,180,192.168.1.75,4,6,login,2025-04-09 01:43:37.108533
user_6,0,1,192.168.1.174,0,6,login,2025-03-20 06:51:37.108533
user_10,3,1,192.168.1.203,0,6,logout,2025-04-03 04:42:37.108533
user_2,22,18,192.168.1.188,5,2,login,2025-03-19 22:31:37.108533
user_6,15,90,192.168.1.234,5,4,login,2025-03-24 15:26:37.108533
user_1,22,59,192.168.1.13,8,3,login,2025-03-23 22:39:37.108533
user_10,2,1,192.168.1.128,2,6,login,2025-04-10 08:43:37.109534
user_2,1,180,192.168.1.140,2,2,login,2025-04-05 00:12:37.109534
user_2,5,23,192.168.1.203,9,1,login,2025-04-09 05:41:37.109534
user_10,1,180,192.168.1.100,1,1,login,2025-04-08 01:53:37.109534
user_2,1,9,192.168.1.207,9,5,login,2025-04-06 01:12:37.109534
user_8,1,1,192.168.1.140,0,2,login,2025-03-29 01:32:37.109534
user_8,19,72,192.168.1.78,9,6,login,2025-03-27 19:37:37.109534
user_6,0,0,192.168.1.120,1,5,login,2025-04-07 09:48:37.109534
user_7,3,1,192.168.1.215,1,4,login,2025-03-20 00:50:37.109534
user_10,7,33,192.168.1.67,6,0,login,2025-03-16 07:10:37.109534
user_9,4,74,192.168.1.194,9,2,login,2025-04-08 04:09:37.109534
user_9,2,1,192.168.1.247,4,6,login,2025-03-24 06:33:37.110536
user_2,22,88,192.168.1.216,9,2,login,2025-03-26 22:01:37.110536
user_8,3,1,192.168.1.50,2,0,login,2025-03-20 22:13:37.110536
user_2,2,180,192.168.1.44,3,1,login,2025-03-15 20:10:37.110536
user_6,13,22,192.168.1.210,5,0,login,2025-04-06 13:25:37.110536
user_1,3,118,192.168.1.168,9,4,login,2025-03-31 03:42:37.110536
user_9,3,1,192.168.1.147,1,3,login,2025-04-03 23:35:37.110536
user_10,1,0,192.168.1.82,0,4,login,2025-03-28 10:36:37.110536
user_2,12,44,192.168.1.129,8,4,login,2025-04-06 12:13:37.110536
user_2,0,180,192.168.1.25,0,4,login,2025-04-05 12:34:37.110536
user_8,0,23,192.168.1.130,6,4,login,2025-03-27 00:30:37.110536
user_10,21,21,192.168.1.46,9,3,login,2025-03-21 21:46:37.111538
user_7,18,45,192.168.1.115,9,4,login,2025-03-15 18:07:37.111538
user_1,2,0,192.168.1.94,3,3,login,2025-04-03 18:26:37.111538
user_1,1,180,192.168.1.60,4,2,login,2025-04-08 10:33:37.111538
user_8,0,16,192.168.1.138,9,2,login,2025-04-06 00:14:37.111538
user_1,0,1,192.168.1.223,2,5,login,2025-03-28 10:17:37.111538
user_5,11,75,192.168.1.109,9,0,login,2025-03-22 11:39:37.111538
user_6,1,180,192.168.1.234,4,5,login,2025-03-27 09:31:37.111538
user_5,3,0,192.168.1.194,3,0,login,2025-03-14 14:36:37.111538
user_9,3,0,192.168.1.94,2,4,login,2025-03-27 16:27:37.111538
user_3,1,89,192.168.1.178,9,5,login,2025-04-06 01:30:37.111538
user_10,4,81,192.168.1.158,9,5,login,2025-04-08 04:11:37.112540
user_6,23,78,192.168.1.230,9,6,login,2025-03-28 23:34:37.112540
user_5,2,0,192.168.1.200,4,6,login,2025-04-10 19:57:37.112540
user_5,1,180,192.168.1.100,0,6,login,2025-03-27 05:39:37.112540
user_3,3,180,192.168.1.111,2,0,login,2025-03-23 05:21:37.112540
user_5,4,82,192.168.1.236,5,0,login,2025-04-09 04:37:37.112540
user_10,10,43,192.168.1.119,9,5,logout,2025-03-30 10:17:37.112540
user_10,6,61,192.168.1.105,6,2,login,2025-03-20 06:38:37.112540
user_8,1,1,192.168.1.35,3,1,login,2025-03-31 20:06:37.112540
user_10,3,1,192.168.1.194,2,1,logout,2025-04-11 07:12:37.112540
user_6,3,1,192.168.1.241,4,2,login,2025-03-30 01:52:37.112540
user_4,13,61,192.168.1.83,8,5,login,2025-03-15 13:43:37.113542
user_8,0,0,192.168.1.83,4,6,login,2025-03-25 17:04:37.113542
user_4,0,0,192.168.1.40,1,6,login,2025-03-31 05:03:37.113542
user_3,12,107,192.168.1.54,8,3,login,2025-03-13 12:00:37.113542
user_1,3,1,192.168.1.93,0,6,login,2025-03-28 18:18:37.113542
user_3,2,1,192.168.1.39,3,1,login,2025-03-18 09:07:37.113542
user_4,2,77,192.168.1.46,6,1,login,2025-03-17 02:18:37.113542
user_7,1,180,192.168.1.190,1,6,login,2025-04-11 21:16:37.113542
user_2,0,1,192.168.1.87,3,4,login,2025-03-17 19:13:37.113542
user_5,1,101,192.168.1.14,6,2,login,2025-03-21 01:09:37.113542
user_10,3,49,192.168.1.15,9,6,login,2025-03-25 03:31:37.113542
user_5,20,40,192.168.1.97,9,3,login,2025-04-01 20:07:37.113542
user_1,0,1,192.168.1.205,3,2,login,2025-04-09 06:41:37.113542
user_1,7,80,192.168.1.158,9,3,login,2025-04-07 07:28:37.113542
user_10,8,95,192.168.1.69,6,1,login,2025-04-06 08:40:37.113542
user_8,3,1,192.168.1.166,4,0,logout,2025-03-22 21:05:37.113542
user_7,19,105,192.168.1.174,8,1,login,2025-04-02 19:46:37.113542
user_10,13,31,192.168.1.77,9,4,login,2025-04-10 13:10:37.115049
user_2,1,5,192.168.1.214,7,4,login,2025-04-10 01:29:37.115049
user_7,0,1,192.168.1.144,0,2,login,2025-03-15 19:46:37.115049
user_7,13,87,192.168.1.55,6,4,login,2025-04-09 13:09:37.115049
user_3,3,180,192.168.1.5,3,1,login,2025-03-24 08:08:37.115049
user_4,16,28,192.168.1.49,8,0,login,2025-03-16 16:07:37.115049
user_2,18,118,192.168.1.202,4,2,login,2025-04-05 18:16:37.115049
user_5,22,116,192.168.1.47,2,4,login,2025-03-19 22:38:37.115049
user_1,12,86,192.168.1.58,4,1,login,2025-04-06 12:49:37.115049
user_10,23,101,192.168.1.82,3,2,logout,2025-04-03 23:07:37.115049
user_8,2,62,192.168.1.240,4,5,login,2025-04-10 02:41:37.115049
user_3,20,94,192.168.1.58,4,1,login,2025-03-26 20:05:37.115049
user_1,6,25,192.168.1.160,3,0,logout,2025-03-23 06:10:37.115049
user_8,0,71,192.168.1.243,4,2,login,2025-04-09 00:12:37.116054
user_4,19,56,192.168.1.218,1,2,login,2025-03-23 19:12:37.116054
user_2,11,99,192.168.1.148,3,1,login,2025-03-16 11:26:37.116054
user_5,11,41,192.168.1.212,3,1,login,2025-03-20 11:08:37.116054
user_1,17,83,192.168.1.87,1,2,login,2025-03-28 17:26:37.116054
user_4,22,108,192.168.1.240,0,1,login,2025-03-23 22:29:37.116054
user_1,9,79,192.168.1.224,4,0,login,2025-03-14 09:48:37.116054
user_2,23,106,192.168.1.142,3,5,logout,2025-03-30 23:41:37.116054
user_8,20,3,192.168.1.101,3,2,login,2025-03-25 20:50:37.116054
user_5,19,73,192.168.1.36,0,4,login,2025-03-24 19:34:37.116054
user_8,11,79,192.168.1.222,0,0,logout,2025-03-19 11:51:37.116054
user_3,4,73,192.168.1.34,2,2,login,2025-03-29 04:37:37.116054
user_7,12,50,192.168.1.111,0,0,login,2025-03-22 12:36:37.116054
user_10,20,29,192.168.1.165,3,4,login,2025-03-21 20:21:37.117058
user_3,20,94,192.168.1.107,2,0,login,2025-03-22 20:16:37.117058
user_3,3,53,192.168.1.35,1,4,login,2025-03-29 03:20:37.117058
user_3,9,72,192.168.1.99,3,1,login,2025-03-20 09:41:37.117058
user_7,13,97,192.168.1.181,1,2,login,2025-04-05 13:09:37.117058
user_1,20,92,192.168.1.42,4,3,login,2025-03-21 20:01:37.117058
user_7,23,30,192.168.1.21,0,0,login,2025-04-08 23:59:37.117058
user_2,22,40,192.168.1.180,4,1,login,2025-03-21 22:16:37.117058
user_8,7,7,192.168.1.30,4,2,login,2025-03-26 07:01:37.117058
user_5,23,58,192.168.1.203,2,5,login,2025-03-29 23:23:37.117058
user_3,3,54,192.168.1.135,3,6,login,2025-03-23 03:09:37.117058
user_6,3,57,192.168.1.191,0,5,login,2025-04-02 03:49:37.117058
user_2,15,29,192.168.1.201,1,6,login,2025-03-25 15:05:37.117058
user_8,22,50,192.168.1.187,3,6,login,2025-03-27 22:02:37.118060
user_7,6,109,192.168.1.143,0,4,login,2025-03-15 06:33:37.118060
user_4,23,89,192.168.1.141,3,5,logout,2025-03-30 23:21:37.118060
user_5,8,18,192.168.1.50,4,4,login,2025-03-17 08:24:37.118060
user_8,8,93,192.168.1.102,1,5,login,2025-03-26 08:02:37.118060
user_4,7,102,192.168.1.46,3,5,logout,2025-04-09 07:32:37.118060
user_7,15,106,192.168.1.2,3,1,login,2025-03-23 15:07:37.118060
user_6,18,66,192.168.1.145,4,4,login,2025-03-20 18:24:37.118060
user_10,12,30,192.168.1.247,2,5,login,2025-03-20 12:29:37.118060
user_9,13,75,192.168.1.198,1,1,login,2025-03-18 13:24:37.118060
user_10,8,61,192.168.1.147,4,6,login,2025-04-10 08:21:37.118060
user_9,18,4,192.168.1.91,3,6,login,2025-04-11 18:47:37.118060
user_9,7,96,192.168.1.247,0,3,logout,2025-04-11 07:02:37.118060
user_7,20,17,192.168.1.4,3,5,login,2025-03-29 20:35:37.119062
user_6,5,118,192.168.1.234,0,5,login,2025-03-24 05:41:37.119062
user_2,9,103,192.168.1.195,0,5,login,2025-03-27 09:12:37.119062
user_5,13,110,192.168.1.95,0,6,login,2025-04-07 13:11:37.119062
user_5,0,17,192.168.1.132,0,5,login,2025-03-15 00:59:37.119062
user_2,9,75,192.168.1.237,0,5,login,2025-03-15 09:26:37.119062
user_4,4,93,192.168.1.63,3,4,login,2025-03-18 04:15:37.119062
user_2,22,39,192.168.1.85,3,1,login,2025-04-10 22:04:37.119062
user_5,3,21,192.168.1.36,0,2,logout,2025-03-24 03:59:37.119062
user_3,4,71,192.168.1.199,2,0,login,2025-04-07 04:23:37.119062
user_8,9,84,192.168.1.208,4,3,login,2025-04-03 09:34:37.119062
user_8,4,44,192.168.1.194,2,3,login,2025-04-03 04:12:37.119062
user_3,4,10,192.168.1.31,0,4,login,2025-03-25 04:11:37.119062
user_6,22,95,192.168.1.172,4,2,logout,2025-03-18 22:31:37.120064
user_4,16,102,192.168.1.65,2,5,login,2025-04-05 16:01:37.120064
user_1,19,86,192.168.1.134,4,0,login,2025-04-10 19:16:37.120064
user_6,6,19,192.168.1.87,4,1,login,2025-03-16 06:25:37.120064
user_10,18,20,192.168.1.10,0,1,login,2025-03-24 18:07:37.120064
user_6,0,17,192.168.1.50,1,5,login,2025-04-11 00:44:37.120064
user_4,0,16,192.168.1.70,0,2,login,2025-03-14 00:52:37.120064
user_5,9,116,192.168.1.252,3,4,login,2025-03-24 09:39:37.120064
user_8,9,114,192.168.1.99,4,4,logout,2025-03-24 09:32:37.120064
user_4,23,106,192.168.1.176,3,3,login,2025-04-05 23:52:37.120064
user_6,22,52,192.168.1.246,0,2,login,2025-04-01 22:16:37.120064
user_5,6,10,192.168.1.224,4,1,login,2025-03-21 06:48:37.120064
user_1,18,102,192.168.1.184,4,6,login,2025-03-22 18:51:37.120064
user_7,16,119,192.168.1.31,2,6,login,2025-04-05 16:20:37.121150
user_8,23,54,192.168.1.27,4,0,login,2025-04-06 23:05:37.121150
user_3,17,45,192.168.1.241,0,4,login,2025-03-30 17:30:37.121150
user_8,2,92,192.168.1.40,1,0,login,2025-03-26 02:19:37.121150
user_9,10,115,192.168.1.29,4,2,login,2025-04-09 10:06:37.121150
user_7,5,115,192.168.1.220,2,2,login,2025-04-09 05:49:37.121150
user_2,6,37,192.168.1.112,3,0,logout,2025-04-07 06:54:37.121150
user_10,19,12,192.168.1.86,2,1,login,2025-04-09 19:16:37.121150
user_4,7,49,192.168.1.99,3,0,login,2025-03-30 07:46:37.121150
user_7,11,60,192.168.1.9,1,2,login,2025-03-19 11:03:37.121150
user_1,14,66,192.168.1.63,0,1,logout,2025-04-05 14:05:37.121150
user_8,7,68,192.168.1.60,4,2,login,2025-04-11 07:08:37.121150
user_7,0,43,192.168.1.190,1,3,login,2025-03-27 00:56:37.122163
user_6,0,32,192.168.1.85,2,2,login,2025-04-07 00:09:37.122163
user_8,6,109,192.168.1.179,4,3,login,2025-03-19 06:41:37.122163
user_9,4,55,192.168.1.87,1,1,login,2025-03-27 04:34:37.122163
user_10,3,101,192.168.1.230,2,4,login,2025-03-23 03:55:37.122163
user_2,4,56,192.168.1.199,0,6,login,2025-03-18 04:50:37.122163
user_6,18,33,192.168.1.6,2,5,login,2025-03-18 18:56:37.122163
user_1,11,7,192.168.1.94,2,1,login,2025-03-14 11:31:37.122163
user_5,0,81,192.168.1.254,0,1,login,2025-03-22 00:33:37.122163
user_4,12,45,192.168.1.245,2,4,login,2025-04-04 12:37:37.122163
user_7,2,113,192.168.1.109,0,4,login,2025-03-25 02:19:37.122163
user_8,23,105,192.168.1.57,3,6,login,2025-03-23 23:49:37.122163
user_1,7,92,192.168.1.122,4,5,login,2025-04-04 07:09:37.122163
user_1,2,79,192.168.1.24,2,5,login,2025-03-24 02:13:37.123167
user_10,16,87,192.168.1.120,2,6,login,2025-03-13 16:26:37.123167
user_2,4,78,192.168.1.173,2,2,login,2025-04-10 04:53:37.123167
user_8,21,66,192.168.1.160,3,2,login,2025-03-22 21:06:37.123167
user_5,10,72,192.168.1.239,1,4,login,2025-04-02 10:30:37.123167
user_9,11,116,192.168.1.119,3,0,login,2025-03-17 11:46:37.123167
user_8,18,24,192.168.1.104,2,5,login,2025-04-03 18:54:37.123167
user_5,3,45,192.168.1.84,0,2,login,2025-03-24 03:48:37.123167
user_9,7,118,192.168.1.91,4,4,logout,2025-03-16 07:32:37.123167
user_10,14,59,192.168.1.63,1,3,login,2025-04-07 14:46:37.123167
user_1,2,105,192.168.1.197,3,0,login,2025-03-26 02:21:37.123167
user_7,19,106,192.168.1.92,4,4,login,2025-03-20 19:28:37.123167
user_10,13,24,192.168.1.207,2,4,login,2025-03-15 13:43:37.123167
user_9,15,70,192.168.1.238,3,6,login,2025-03-28 15:32:37.124170
user_10,21,114,192.168.1.140,0,4,login,2025-04-11 21:13:37.124170
user_8,9,76,192.168.1.118,0,5,login,2025-04-04 09:43:37.124170
user_6,11,88,192.168.1.172,2,5,login,2025-03-28 11:23:37.124170
user_4,17,78,192.168.1.152,3,2,login,2025-04-05 17:48:37.124170
user_9,20,7,192.168.1.70,4,3,login,2025-03-28 20:37:37.124170
user_8,20,72,192.168.1.168,0,4,login,2025-03-21 20:03:37.124170
user_1,17,41,192.168.1.238,1,1,login,2025-03-15 17:26:37.124170
user_7,8,29,192.168.1.213,3,1,login,2025-03-17 08:27:37.124170
user_1,14,54,192.168.1.154,4,6,login,2025-03-30 14:47:37.124170
user_8,6,51,192.168.1.255,2,5,login,2025-04-02 06:14:37.124170
user_5,16,106,192.168.1.76,3,1,login,2025-04-02 16:40:37.124170
user_7,1,108,192.168.1.76,4,3,login,2025-04-09 01:16:37.124170
user_9,7,30,192.168.1.241,4,3,login,2025-03-26 07:59:37.125171
user_8,4,79,192.168.1.80,3,5,login,2025-04-10 04:51:37.125171
user_1,6,47,192.168.1.5,0,0,login,2025-04-03 06:32:37.125171
user_8,20,43,192.168.1.198,3,0,login,2025-04-04 20:14:37.125171
user_7,1,98,192.168.1.228,4,4,login,2025-04-01 01:49:37.125171
user_5,11,93,192.168.1.161,1,4,login,2025-03-25 11:40:37.125171
user_7,13,76,192.168.1.23,0,5,login,2025-03-26 13:41:37.125171
user_8,7,1,192.168.1.192,1,4,login,2025-03-29 07:46:37.125171
user_5,7,42,192.168.1.194,4,6,logout,2025-03-14 07:45:37.125171
user_4,15,52,192.168.1.54,0,6,login,2025-03-17 15:56:37.125171
user_4,12,96,192.168.1.54,1,3,login,2025-04-08 12:08:37.125171
user_5,23,70,192.168.1.230,0,5,login,2025-03-15 23:25:37.125171
user_9,18,63,192.168.1.24,4,1,logout,2025-03-21 18:05:37.125171
user_5,18,94,192.168.1.214,3,0,login,2025-03-23 18:29:37.126173
user_1,15,55,192.168.1.94,3,1,logout,2025-03-24 15:47:37.126173
user_6,22,109,192.168.1.30,4,6,login,2025-04-10 22:03:37.126173
user_6,18,31,192.168.1.31,1,4,login,2025-03-16 18:34:37.126173
user_10,0,116,192.168.1.231,4,0,login,2025-04-11 00:44:37.126173
user_4,2,8,192.168.1.164,1,6,login,2025-03-26 02:32:37.126173
user_5,15,57,192.168.1.9,3,0,login,2025-03-15 15:07:37.126173
user_4,13,45,192.168.1.25,1,6,login,2025-04-08 13:12:37.126173
user_2,9,113,192.168.1.177,3,4,login,2025-03-14 09:28:37.126173
user_9,7,87,192.168.1.22,4,0,logout,2025-04-01 07:52:37.126173
user_3,11,95,192.168.1.202,1,3,login,2025-04-08 11:37:37.126173
user_9,18,13,192.168.1.135,4,2,login,2025-04-07 18:43:37.126173
user_3,2,19,192.168.1.140,2,2,login,2025-04-05 02:29:37.126173
user_3,8,29,192.168.1.244,2,2,logout,2025-03-30 08:35:37.127175
user_2,7,109,192.168.1.191,0,5,login,2025-03-26 07:52:37.127175
user_7,16,43,192.168.1.192,1,3,login,2025-04-11 16:15:37.127175
user_6,5,106,192.168.1.2,4,5,logout,2025-04-03 05:37:37.127175
user_2,1,56,192.168.1.160,0,0,login,2025-03-19 01:43:37.127175
user_7,22,93,192.168.1.226,0,1,login,2025-04-06 22:57:37.127175
user_5,16,37,192.168.1.51,3,6,login,2025-04-07 16:11:37.127175
user_2,16,79,192.168.1.34,2,3,login,2025-03-28 16:33:37.127175
user_4,23,98,192.168.1.127,0,4,login,2025-04-01 23:01:37.127175
user_2,9,18,192.168.1.166,3,6,login,2025-03-14 09:16:37.127175
user_5,9,54,192.168.1.52,3,4,login,2025-04-08 09:53:37.127175
user_1,5,28,192.168.1.144,1,1,login,2025-04-03 05:46:37.127175
user_8,10,56,192.168.1.180,3,0,login,2025-03-27 10:02:37.127175
user_2,18,42,192.168.1.98,3,3,login,2025-04-08 18:33:37.128177
user_9,8,117,192.168.1.68,3,1,login,2025-04-01 08:35:37.128177
user_2,17,59,192.168.1.137,3,1,login,2025-03-18 17:10:37.128177
user_4,0,27,192.168.1.185,0,2,login,2025-03-22 00:26:37.128177
user_9,22,113,192.168.1.244,4,0,logout,2025-04-01 22:04:37.128177
user_5,19,24,192.168.1.75,3,3,login,2025-04-07 19:54:37.128177
user_5,11,50,192.168.1.171,1,4,login,2025-03-19 11:47:37.128177
user_5,18,105,192.168.1.162,2,6,login,2025-03-26 18:45:37.128177
user_4,6,112,192.168.1.76,2,2,login,2025-03-24 06:53:37.128177
user_8,0,76,192.168.1.117,1,2,login,2025-04-03 00:53:37.128177
user_9,10,38,192.168.1.113,3,1,logout,2025-03-27 10:28:37.128177
user_5,15,67,192.168.1.203,1,6,login,2025-03-26 15:50:37.128177
user_8,13,63,192.168.1.134,2,3,login,2025-04-11 13:29:37.128177
user_4,14,21,192.168.1.139,1,3,login,2025-03-16 14:38:37.129179
user_2,13,34,192.168.1.1,4,3,login,2025-04-02 13:58:37.129179
user_1,3,31,192.168.1.213,2,5,login,2025-03-24 03:21:37.129179
user_1,7,98,192.168.1.130,2,5,login,2025-03-30 07:56:37.129179
user_5,9,99,192.168.1.243,4,1,login,2025-03-26 09:01:37.129179
user_5,22,30,192.168.1.205,1,5,login,2025-03-18 22:48:37.129179
user_4,9,19,192.168.1.144,4,4,login,2025-04-02 09:38:37.129179
user_1,2,107,192.168.1.170,1,3,login,2025-03-26 02:39:37.129179
user_9,19,88,192.168.1.6,0,6,login,2025-04-05 19:42:37.129179
user_6,18,84,192.168.1.93,0,5,login,2025-03-14 18:22:37.129179
user_5,2,96,192.168.1.160,3,0,login,2025-04-02 02:13:37.129179
user_10,3,95,192.168.1.177,4,0,login,2025-03-28 03:58:37.129179
user_1,20,106,192.168.1.5,1,3,login,2025-03-19 20:56:37.129179
user_2,22,109,192.168.1.205,4,3,login,2025-04-10 22:37:37.130181
user_2,4,34,192.168.1.169,3,3,login,2025-04-10 04:46:37.130181
user_7,10,45,192.168.1.80,3,4,logout,2025-03-13 10:40:37.130181
user_3,6,118,192.168.1.79,3,0,login,2025-03-29 06:42:37.130181
user_7,0,85,192.168.1.158,1,4,login,2025-03-20 00:32:37.130181
user_5,6,105,192.168.1.253,3,4,logout,2025-04-02 06:14:37.130181
user_10,11,16,192.168.1.222,2,6,login,2025-04-07 11:37:37.130181
user_5,1,100,192.168.1.129,1,5,login,2025-04-05 01:10:37.130181
user_3,7,103,192.168.1.112,3,3,login,2025-04-09 07:38:37.130181
user_1,1,94,192.168.1.44,2,5,login,2025-03-28 01:26:37.130181
user_10,10,61,192.168.1.100,2,1,login,2025-04-10 10:10:37.130181
user_6,17,22,192.168.1.234,0,5,login,2025-04-07 17:31:37.130181
user_2,8,32,192.168.1.222,1,5,login,2025-04-04 08:55:37.130181
user_8,23,112,192.168.1.92,3,3,logout,2025-03-17 23:23:37.131183
user_10,14,96,192.168.1.103,3,4,login,2025-03-17 14:01:37.131183
user_3,15,109,192.168.1.38,4,2,login,2025-03-28 15:23:37.131183
user_3,21,110,192.168.1.171,0,1,login,2025-04-10 21:05:37.131183
user_10,8,52,192.168.1.92,3,3,login,2025-03-19 08:25:37.131183
user_8,19,98,192.168.1.93,0,5,logout,2025-03-25 19:25:37.131183
user_5,19,73,192.168.1.245,4,3,login,2025-03-30 19:34:37.131183
user_3,19,98,192.168.1.4,3,2,login,2025-03-22 19:30:37.131183
user_6,0,100,192.168.1.115,3,4,login,2025-04-04 00:42:37.131183
user_1,5,10,192.168.1.56,2,5,login,2025-03-15 05:38:37.131183
user_5,5,16,192.168.1.241,0,2,login,2025-04-07 05:09:37.131183
user_1,4,71,192.168.1.171,4,3,logout,2025-03-27 04:34:37.131183
user_1,22,79,192.168.1.48,2,3,login,2025-03-13 22:10:37.131183
user_10,18,53,192.168.1.191,3,2,login,2025-03-28 18:51:37.132184
user_3,6,41,192.168.1.128,3,4,login,2025-03-16 06:18:37.132184
user_7,14,5,192.168.1.54,0,0,login,2025-04-04 14:49:37.132184
user_7,22,98,192.168.1.241,0,4,login,2025-03-19 22:28:37.132184
user_3,16,110,192.168.1.231,4,5,login,2025-04-04 16:55:37.132184
user_1,15,47,192.168.1.67,3,4,login,2025-03-13 15:24:37.132184
user_2,17,45,192.168.1.59,2,5,login,2025-03-30 17:39:37.132184
user_7,13,117,192.168.1.76,1,5,login,2025-03-19 13:37:37.132184
user_1,8,94,192.168.1.169,4,1,login,2025-03-26 08:59:37.132184
user_4,17,23,192.168.1.152,2,4,login,2025-04-06 17:30:37.132184
user_3,11,52,192.168.1.45,0,2,login,2025-04-05 11:33:37.132184
user_9,22,40,192.168.1.55,0,1,login,2025-03-14 22:53:37.132184
user_10,21,75,192.168.1.95,3,5,login,2025-04-06 21:44:37.132184
user_4,20,111,192.168.1.246,0,5,login,2025-04-05 20:01:37.133186
user_8,12,74,192.168.1.145,3,0,login,2025-04-07 12:50:37.133186
user_9,4,60,192.168.1.242,2,1,login,2025-04-09 04:45:37.133186
user_5,23,111,192.168.1.80,3,0,login,2025-04-02 23:22:37.133186
user_1,20,14,192.168.1.51,4,2,logout,2025-04-05 20:27:37.133186
user_4,1,19,192.168.1.239,0,4,login,2025-04-09 01:02:37.133186
user_5,12,11,192.168.1.114,4,5,login,2025-04-09 12:13:37.133186
user_4,23,93,192.168.1.18,0,0,login,2025-03-20 23:59:37.133186
user_9,15,98,192.168.1.128,2,2,logout,2025-03-28 15:49:37.133186
user_7,6,49,192.168.1.183,3,2,login,2025-04-11 06:00:37.133186
user_1,15,44,192.168.1.233,1,1,login,2025-04-11 15:47:37.133186
user_10,20,54,192.168.1.212,2,1,login,2025-03-15 20:58:37.133186
user_4,23,97,192.168.1.76,1,0,logout,2025-04-03 23:48:37.133186
user_2,22,60,192.168.1.105,4,1,login,2025-03-20 22:36:37.134188
user_9,4,26,192.168.1.45,0,3,login,2025-03-24 04:02:37.134188
user_9,7,105,192.168.1.183,4,1,login,2025-03-20 07:03:37.134188
user_9,15,43,192.168.1.211,2,0,login,2025-04-06 15:41:37.134188
user_5,8,91,192.168.1.119,0,1,login,2025-03-22 08:16:37.134188
user_8,3,98,192.168.1.114,0,3,login,2025-03-23 03:08:37.134188
user_4,2,55,192.168.1.93,4,1,login,2025-03-25 02:26:37.134188
user_10,16,18,192.168.1.76,4,3,login,2025-03-30 16:53:37.134188
user_7,2,106,192.168.1.15,1,6,login,2025-04-06 02:15:37.134188
user_3,11,39,192.168.1.114,2,2,login,2025-03-25 11:34:37.134188
user_9,23,63,192.168.1.10,2,4,login,2025-03-26 23:55:37.134188
user_3,1,33,192.168.1.84,4,2,login,2025-03-14 01:10:37.134188
user_4,22,96,192.168.1.209,4,1,login,2025-04-06 22:40:37.135190
user_8,13,35,192.168.1.84,4,2,login,2025-03-14 13:42:37.135190
user_2,5,9,192.168.1.224,4,3,logout,2025-04-01 05:38:37.135190
user_1,18,81,192.168.1.182,3,3,login,2025-03-22 18:52:37.135190
user_7,15,40,192.168.1.145,3,5,login,2025-03-27 15:34:37.135190
user_2,23,68,192.168.1.111,2,5,login,2025-04-08 23:32:37.135190
user_10,14,112,192.168.1.128,0,5,login,2025-03-22 14:50:37.135190
user_3,4,103,192.168.1.95,1,2,login,2025-03-16 04:57:37.135190
user_5,10,5,192.168.1.14,0,4,login,2025-03-21 10:09:37.135190
user_4,23,47,192.168.1.195,2,3,login,2025-03-23 23:32:37.135190
user_9,6,5,192.168.1.249,2,5,login,2025-04-01 06:30:37.135190
user_3,19,72,192.168.1.199,3,5,login,2025-03-17 19:15:37.135190
user_3,20,10,192.168.1.149,1,3,login,2025-04-02 20:06:37.135190
user_7,11,116,192.168.1.208,1,1,login,2025-03-15 11:49:37.136199
user_10,6,18,192.168.1.47,2,0,login,2025-03-26 06:22:37.136199
user_3,3,4,192.168.1.143,2,1,logout,2025-03-30 03:04:37.136199
user_3,22,78,192.168.1.84,0,3,login,2025-03-30 22:20:37.136199
user_5,11,15,192.168.1.139,1,0,login,2025-03-29 11:33:37.136199
user_7,7,58,192.168.1.175,2,0,login,2025-04-10 07:05:37.136199
user_2,9,7,192.168.1.82,4,1,login,2025-04-08 09:59:37.136199
user_6,7,11,192.168.1.48,0,3,logout,2025-04-04 07:35:37.136199
user_4,19,74,192.168.1.160,4,0,logout,2025-04-08 19:22:37.136199
user_4,10,40,192.168.1.41,3,5,login,2025-04-06 10:41:37.136199
user_7,2,27,192.168.1.4,2,0,login,2025-04-11 02:00:37.136199
user_8,17,25,192.168.1.72,0,4,login,2025-03-23 17:32:37.136199
user_2,23,59,192.168.1.34,4,5,login,2025-03-31 23:59:37.136199
user_2,22,91,192.168.1.129,1,6,login,2025-03-31 22:27:37.137201
user_1,7,94,192.168.1.224,4,3,login,2025-03-28 07:05:37.137201
user_4,15,77,192.168.1.165,4,3,login,2025-04-10 15:01:37.137201
user_8,19,42,192.168.1.21,3,4,login,2025-03-14 19:04:37.137201
user_10,2,94,192.168.1.120,0,5,login,2025-04-08 02:59:37.137201
user_9,5,8,192.168.1.11,4,4,login,2025-03-25 05:46:37.137201
user_4,0,1,192.168.1.209,1,2,login,2025-03-16 00:01:37.137201
user_2,11,24,192.168.1.121,1,3,login,2025-04-09 11:24:37.137201
user_9,6,18,192.168.1.252,0,0,login,2025-04-02 06:25:37.137201
user_6,16,114,192.168.1.42,1,0,login,2025-04-04 16:03:37.137201
user_5,17,16,192.168.1.231,4,5,login,2025-03-25 17:46:37.137201
user_6,8,86,192.168.1.57,0,0,login,2025-04-10 08:15:37.137201
user_5,9,109,192.168.1.13,2,4,login,2025-03-13 09:35:37.137201
user_6,3,8,192.168.1.221,4,4,login,2025-04-11 03:45:37.138203
user_9,13,100,192.168.1.64,1,6,login,2025-03-28 13:42:37.138203
user_3,22,117,192.168.1.226,0,0,login,2025-03-25 22:31:37.138203
user_5,2,66,192.168.1.228,4,4,login,2025-04-09 02:01:37.138203
user_7,9,101,192.168.1.101,2,3,login,2025-03-18 09:45:37.138203
user_3,3,48,192.168.1.33,4,3,login,2025-03-27 03:02:37.138203
user_5,15,35,192.168.1.109,1,3,login,2025-04-01 15:44:37.138203
user_10,1,80,192.168.1.120,0,2,login,2025-03-31 01:58:37.138203
user_2,21,78,192.168.1.158,1,3,login,2025-03-21 21:36:37.138203
user_6,6,39,192.168.1.5,1,0,login,2025-03-30 06:26:37.138203
user_8,3,119,192.168.1.79,0,6,login,2025-03-29 03:23:37.138203
user_9,14,98,192.168.1.199,2,5,login,2025-03-14 14:23:37.138203
user_3,3,29,192.168.1.50,2,3,login,2025-03-19 03:46:37.138203
user_7,23,15,192.168.1.244,1,6,login,2025-03-16 23:01:37.139205
user_9,15,26,192.168.1.168,4,2,login,2025-03-13 15:44:37.139205
user_10,14,8,192.168.1.197,1,3,login,2025-03-15 14:01:37.139205
user_7,22,65,192.168.1.39,4,4,login,2025-03-20 22:24:37.139205
user_4,3,30,192.168.1.34,3,2,logout,2025-03-28 03:29:37.139205
user_8,13,93,192.168.1.98,3,2,login,2025-03-28 13:03:37.139205
user_6,16,8,192.168.1.179,1,4,login,2025-03-22 16:01:37.139205
user_9,11,8,192.168.1.226,3,6,login,2025-03-13 11:38:37.139205
user_2,14,17,192.168.1.29,2,3,login,2025-04-09 14:07:37.139205
user_8,16,98,192.168.1.160,2,3,login,2025-03-28 16:52:37.139205
user_3,6,106,192.168.1.29,0,6,login,2025-03-25 06:17:37.139205
user_7,23,36,192.168.1.157,1,0,login,2025-03-13 23:55:37.139205
user_5,18,77,192.168.1.59,1,3,login,2025-03-29 18:34:37.139205
user_4,8,10,192.168.1.137,4,5,login,2025-03-31 08:12:37.140207
user_7,7,8,192.168.1.87,1,2,login,2025-04-03 07:16:37.140207
user_9,22,42,192.168.1.51,3,3,login,2025-04-01 22:02:37.140207
user_7,3,82,192.168.1.71,3,1,login,2025-04-07 03:54:37.140207
user_6,13,2,192.168.1.244,4,4,login,2025-03-15 13:37:37.140207
user_8,17,31,192.168.1.46,2,3,logout,2025-04-03 17:01:37.140207
user_5,9,19,192.168.1.53,1,6,login,2025-03-24 09:31:37.140207
user_9,18,50,192.168.1.191,4,6,login,2025-03-23 18:11:37.140207
user_1,3,88,192.168.1.212,4,5,login,2025-03-14 03:36:37.140207
user_6,23,90,192.168.1.180,3,3,login,2025-03-18 23:12:37.140207
user_3,21,111,192.168.1.245,3,3,login,2025-03-24 21:34:37.140207
user_5,17,88,192.168.1.82,0,6,login,2025-03-25 17:33:37.140207
user_9,2,87,192.168.1.224,0,3,login,2025-03-19 02:37:37.141208
user_5,23,77,192.168.1.50,0,3,login,2025-04-09 23:52:37.141208
user_6,0,34,192.168.1.214,3,2,login,2025-03-25 00:06:37.141208
user_9,6,79,192.168.1.133,3,0,login,2025-03-28 06:11:37.141208
user_8,1,38,192.168.1.1,4,4,login,2025-03-28 01:52:37.141208
user_1,15,117,192.168.1.149,0,3,login,2025-03-15 15:03:37.141208
user_6,12,32,192.168.1.129,0,4,login,2025-03-13 12:44:37.141208
user_1,9,2,192.168.1.140,1,6,login,2025-03-15 09:34:37.141208
user_5,23,6,192.168.1.116,3,1,login,2025-03-24 23:55:37.141208
user_4,22,102,192.168.1.243,0,5,login,2025-03-25 22:55:37.141208
user_7,6,116,192.168.1.51,1,2,login,2025-03-13 06:47:37.141208
user_7,22,32,192.168.1.19,4,1,login,2025-04-03 22:01:37.141208
user_8,4,61,192.168.1.219,3,6,login,2025-03-14 04:09:37.141208
user_10,1,8,192.168.1.237,2,2,login,2025-04-10 01:24:37.142210
user_7,4,96,192.168.1.206,2,4,login,2025-04-04 04:16:37.142210
user_4,5,3,192.168.1.162,1,4,login,2025-03-21 05:07:37.142210
user_4,14,91,192.168.1.235,3,5,login,2025-04-05 14:02:37.142210
user_1,9,66,192.168.1.68,3,1,login,2025-03-19 09:40:37.142210
user_9,16,104,192.168.1.52,4,2,login,2025-03-17 16:59:37.142210
user_9,23,97,192.168.1.94,4,5,login,2025-04-10 23:27:37.142210
user_9,21,8,192.168.1.215,3,0,login,2025-03-14 21:48:37.142210
user_7,17,44,192.168.1.125,4,1,logout,2025-03-28 17:16:37.142210
user_10,18,17,192.168.1.56,2,3,logout,2025-03-17 18:42:37.142210
user_3,9,17,192.168.1.75,1,2,login,2025-03-15 09:16:37.142210
user_6,23,26,192.168.1.165,3,5,login,2025-03-25 23:09:37.142210
user_4,4,32,192.168.1.216,0,0,login,2025-04-10 04:33:37.142210
user_2,12,4,192.168.1.215,0,4,logout,2025-04-04 12:47:37.143212
user_4,5,31,192.168.1.170,2,1,login,2025-04-08 05:34:37.143212
user_8,8,109,192.168.1.113,1,2,login,2025-03-19 08:13:37.143212
user_3,11,107,192.168.1.235,2,2,login,2025-04-09 11:06:37.143212
user_8,6,73,192.168.1.190,3,5,login,2025-04-02 06:58:37.143212
user_7,18,65,192.168.1.146,1,5,login,2025-03-19 18:41:37.143212
user_1,12,57,192.168.1.138,2,6,login,2025-03-26 12:50:37.143212
user_6,4,98,192.168.1.10,1,5,login,2025-03-27 04:28:37.143212
user_6,1,31,192.168.1.76,2,4,login,2025-03-29 01:48:37.143212
user_7,12,67,192.168.1.199,2,2,logout,2025-03-13 12:57:37.143212
user_5,8,93,192.168.1.52,1,2,login,2025-03-20 08:08:37.143212
user_8,7,38,192.168.1.153,1,5,login,2025-04-01 07:02:37.143212
user_8,22,16,192.168.1.250,3,0,login,2025-04-10 22:36:37.143212
user_2,8,31,192.168.1.238,1,5,login,2025-04-07 08:26:37.144214
user_7,23,73,192.168.1.113,1,4,logout,2025-03-13 23:23:37.144214
user_10,13,6,192.168.1.174,0,1,login,2025-03-27 13:17:37.144214
user_5,3,65,192.168.1.119,1,3,login,2025-04-11 03:36:37.144214
user_4,22,60,192.168.1.190,4,1,login,2025-04-02 22:58:37.144214
user_7,4,108,192.168.1.72,4,4,login,2025-04-06 04:59:37.144214
user_7,13,105,192.168.1.135,1,4,login,2025-04-08 13:13:37.144214
user_10,14,34,192.168.1.240,4,1,login,2025-03-16 14:37:37.144214
user_4,23,74,192.168.1.237,0,2,login,2025-04-09 23:55:37.144214
user_5,7,91,192.168.1.134,2,3,login,2025-04-08 07:02:37.144214
user_1,13,63,192.168.1.213,0,0,login,2025-03-24 13:32:37.144214
user_7,2,103,192.168.1.20,3,3,login,2025-03-21 02:32:37.144214
user_10,2,29,192.168.1.36,0,0,login,2025-03-24 02:12:37.144214
user_9,11,100,192.168.1.22,2,6,login,2025-04-03 11:07:37.145216
user_4,9,26,192.168.1.240,3,1,login,2025-04-11 09:02:37.145216
user_9,1,49,192.168.1.72,4,0,login,2025-04-08 01:18:37.145216
user_1,5,57,192.168.1.175,0,2,login,2025-04-09 05:48:37.145216
user_4,11,16,192.168.1.30,1,3,logout,2025-03-29 11:08:37.145216
user_10,1,61,192.168.1.161,4,4,login,2025-04-03 01:58:37.145216
user_6,7,51,192.168.1.93,2,4,login,2025-03-17 07:40:37.145216
user_8,18,118,192.168.1.161,2,0,login,2025-04-04 18:00:37.145216
user_6,8,35,192.168.1.203,3,1,login,2025-03-28 08:53:37.145216
user_8,6,72,192.168.1.154,1,5,login,2025-03-30 06:22:37.145216
user_8,9,23,192.168.1.180,1,1,login,2025-03-24 09:14:37.145216
user_4,22,107,192.168.1.176,3,4,login,2025-03-25 22:00:37.145216
user_5,10,15,192.168.1.95,3,4,login,2025-03-25 10:44:37.145216
user_1,8,81,192.168.1.7,4,6,login,2025-04-08 08:10:37.146220
user_8,15,71,192.168.1.221,0,5,login,2025-03-15 15:19:37.146220
user_1,5,70,192.168.1.204,3,1,login,2025-04-04 05:01:37.146220
user_3,3,63,192.168.1.98,3,6,login,2025-04-01 03:17:37.146220
user_9,22,97,192.168.1.65,3,5,login,2025-03-30 22:55:37.146220
user_5,20,27,192.168.1.216,1,5,login,2025-04-02 20:04:37.146220
user_5,13,49,192.168.1.228,2,3,login,2025-03-13 13:31:37.146220
user_10,8,47,192.168.1.137,0,2,login,2025-04-01 08:50:37.146220
user_7,17,38,192.168.1.240,2,3,login,2025-03-31 17:14:37.146220
user_2,1,61,192.168.1.92,2,1,login,2025-04-03 01:11:37.146220
user_9,15,68,192.168.1.29,1,3,login,2025-03-29 15:04:37.146220
user_8,11,112,192.168.1.166,1,5,login,2025-03-15 11:40:37.146220
user_3,13,73,192.168.1.173,1,6,login,2025-04-03 13:07:37.146220
user_3,8,28,192.168.1.181,3,2,login,2025-04-05 08:34:37.147222
user_4,4,47,192.168.1.74,2,5,login,2025-04-06 04:21:37.147222
user_7,12,50,192.168.1.37,3,0,login,2025-03-19 12:25:37.147222
user_5,8,41,192.168.1.32,0,4,login,2025-03-24 08:28:37.147222
user_9,16,41,192.168.1.66,0,3,login,2025-04-11 16:02:37.147222
user_1,21,2,192.168.1.188,1,3,login,2025-03-28 21:25:37.147222
user_7,10,21,192.168.1.240,3,1,login,2025-03-29 10:36:37.147222
user_10,21,44,192.168.1.131,4,1,logout,2025-03-19 21:19:37.147222
user_8,17,22,192.168.1.16,0,1,login,2025-03-19 17:28:37.147222
user_6,16,15,192.168.1.22,1,5,login,2025-04-01 16:34:37.147222
user_6,4,8,192.168.1.46,2,0,login,2025-04-11 04:50:37.147222
user_5,17,34,192.168.1.136,3,5,login,2025-03-24 17:37:37.147222
user_7,4,21,192.168.1.144,2,4,login,2025-04-06 04:00:37.147222
user_4,6,38,192.168.1.229,3,5,login,2025-04-01 06:24:37.148224
user_5,21,22,192.168.1.173,1,3,login,2025-04-08 21:42:37.148224
user_5,18,106,192.168.1.29,1,3,login,2025-03-20 18:29:37.148224
user_4,20,59,192.168.1.176,1,4,login,2025-04-03 20:31:37.148224
user_1,2,13,192.168.1.201,1,4,login,2025-03-19 02:59:37.148224
user_9,23,40,192.168.1.81,1,6,login,2025-04-02 23:01:37.148224
user_5,13,15,192.168.1.6,0,2,logout,2025-04-03 13:36:37.148224
user_3,6,11,192.168.1.230,2,5,login,2025-03-29 06:50:37.148224
user_4,4,23,192.168.1.193,4,6,login,2025-03-14 04:56:37.148224
user_3,10,58,192.168.1.107,1,5,login,2025-04-04 10:41:37.148224
user_1,0,113,192.168.1.229,3,3,login,2025-03-30 00:32:37.148224
user_1,13,63,192.168.1.154,0,3,login,2025-04-06 13:47:37.148224
user_7,12,95,192.168.1.104,1,3,login,2025-04-04 12:17:37.148224
user_5,14,117,192.168.1.153,3,1,login,2025-03-25 14:48:37.149226
user_4,12,33,192.168.1.218,4,6,login,2025-04-01 12:10:37.149226
user_1,3,92,192.168.1.208,4,1,logout,2025-04-02 03:00:37.149226
user_7,16,113,192.168.1.160,3,6,login,2025-04-10 16:30:37.149226
user_8,18,14,192.168.1.215,0,6,login,2025-03-19 18:44:37.149226
user_1,3,98,192.168.1.134,0,5,login,2025-03-27 03:19:37.149226
user_2,10,59,192.168.1.27,3,5,logout,2025-04-02 10:36:37.149226
user_5,1,96,192.168.1.78,2,3,login,2025-04-07 01:36:37.149226
user_3,17,43,192.168.1.128,4,3,login,2025-04-02 17:11:37.149226
user_6,11,67,192.168.1.228,4,2,login,2025-03-19 11:59:37.149226
user_5,11,104,192.168.1.47,1,0,login,2025-03-22 11:59:37.149226
user_2,23,65,192.168.1.71,0,5,login,2025-04-02 23:18:37.149226
user_4,3,51,192.168.1.45,0,4,login,2025-04-11 03:45:37.149226
user_3,8,116,192.168.1.114,0,1,login,2025-04-11 08:47:37.150228
user_2,10,61,192.168.1.207,4,3,login,2025-04-11 10:24:37.150228
user_10,6,47,192.168.1.144,0,6,logout,2025-04-08 06:40:37.150228
user_2,3,58,192.168.1.104,3,2,login,2025-04-11 03:54:37.150228
user_3,20,100,192.168.1.76,3,3,login,2025-03-31 20:43:37.150228
user_8,18,50,192.168.1.186,4,6,login,2025-03-25 18:27:37.150228
user_2,21,63,192.168.1.129,3,0,login,2025-03-20 21:09:37.150228
user_10,17,30,192.168.1.97,4,3,login,2025-03-22 17:29:37.150228
user_7,13,38,192.168.1.97,1,2,login,2025-03-13 13:13:37.150228
user_7,23,72,192.168.1.86,0,2,login,2025-03-29 23:39:37.150228
user_8,1,35,192.168.1.189,3,5,login,2025-03-17 01:31:37.150228
user_10,12,4,192.168.1.109,3,1,login,2025-04-03 12:13:37.150228
user_6,14,4,192.168.1.152,0,0,login,2025-04-09 14:21:37.150228
user_6,21,119,192.168.1.228,4,0,logout,2025-04-04 21:05:37.151229
user_6,7,70,192.168.1.65,0,1,logout,2025-03-14 07:01:37.151229
user_1,17,52,192.168.1.84,0,4,login,2025-04-10 17:50:37.151229
user_4,15,119,192.168.1.91,0,0,login,2025-03-18 15:21:37.151229
user_4,11,4,192.168.1.6,4,0,login,2025-03-31 11:45:37.151229
user_1,10,52,192.168.1.45,3,5,login,2025-03-20 10:20:37.151229
user_2,1,53,192.168.1.76,4,1,login,2025-03-16 01:03:37.151229
user_7,19,92,192.168.1.175,3,5,login,2025-04-02 19:05:37.151229
user_5,16,29,192.168.1.94,3,6,login,2025-04-10 16:54:37.151229
user_4,10,90,192.168.1.244,3,5,login,2025-03-30 10:08:37.151229
user_1,15,100,192.168.1.38,0,5,login,2025-03-27 15:32:37.151229
user_5,21,118,192.168.1.155,0,3,login,2025-03-20 21:30:37.152309
user_1,11,41,192.168.1.144,1,2,login,2025-04-04 11:54:37.152309
user_7,4,11,192.168.1.118,0,6,login,2025-03-27 04:00:37.152309
user_9,5,97,192.168.1.192,0,4,login,2025-03-25 05:14:37.152309
user_4,1,94,192.168.1.221,1,6,login,2025-04-07 01:50:37.152309
user_10,5,58,192.168.1.231,0,3,login,2025-04-08 05:50:37.152309
user_6,2,33,192.168.1.117,0,1,login,2025-03-25 02:56:37.152309
user_3,8,81,192.168.1.154,1,6,logout,2025-04-11 08:30:37.152309
user_2,11,93,192.168.1.234,1,2,logout,2025-03-18 11:36:37.152309
user_1,17,75,192.168.1.204,4,6,login,2025-03-20 17:28:37.152309
user_2,9,106,192.168.1.141,0,4,login,2025-03-24 09:15:37.152309
user_5,22,16,192.168.1.188,2,5,login,2025-03-20 22:21:37.152309
user_7,21,18,192.168.1.208,0,2,login,2025-04-11 21:02:37.152309
user_2,5,91,192.168.1.86,1,3,logout,2025-04-10 05:23:37.153311
user_7,17,50,192.168.1.28,1,6,logout,2025-03-31 17:40:37.153311
user_10,10,11,192.168.1.133,4,4,logout,2025-03-29 10:06:37.153311
user_2,2,95,192.168.1.17,3,0,login,2025-03-22 02:46:37.153311
user_1,11,81,192.168.1.43,2,4,login,2025-04-07 11:28:37.153311
user_5,19,22,192.168.1.229,3,0,login,2025-04-11 19:26:37.153311
user_6,22,51,192.168.1.65,0,1,logout,2025-04-04 22:00:37.153311
user_6,2,18,192.168.1.241,2,4,login,2025-04-11 02:47:37.153311
user_5,22,1,192.168.1.248,2,6,login,2025-03-28 22:33:37.153311
user_4,8,40,192.168.1.213,4,0,login,2025-03-19 08:26:37.153311
user_4,22,84,192.168.1.77,0,3,login,2025-03-26 22:59:37.153311
user_7,6,29,192.168.1.141,4,4,login,2025-04-05 06:16:37.153311
user_10,7,119,192.168.1.156,4,1,login,2025-03-22 07:08:37.153311
user_1,15,25,192.168.1.226,4,5,login,2025-03-15 15:29:37.154313
user_5,2,79,192.168.1.126,1,1,login,2025-03-22 02:39:37.154313
user_7,5,55,192.168.1.145,3,6,login,2025-04-06 05:28:37.154313
user_2,22,96,192.168.1.203,4,2,login,2025-03-23 22:07:37.154313
user_4,12,64,192.168.1.192,3,5,login,2025-04-08 12:37:37.154313
user_10,3,22,192.168.1.247,1,4,login,2025-04-11 03:19:37.154313
user_6,1,84,192.168.1.150,0,0,login,2025-03-25 01:31:37.154313
user_5,8,116,192.168.1.26,4,0,login,2025-04-03 08:37:37.154313
user_8,13,2,192.168.1.96,4,0,login,2025-03-19 13:35:37.154313
user_2,12,94,192.168.1.114,2,6,logout,2025-04-01 12:31:37.154313
user_2,6,55,192.168.1.118,1,2,login,2025-03-14 06:28:37.154313
user_8,8,78,192.168.1.232,1,3,login,2025-03-14 08:59:37.154313
user_6,22,78,192.168.1.78,1,2,logout,2025-04-01 22:12:37.154313
user_4,14,8,192.168.1.161,2,0,login,2025-04-03 14:20:37.155315
user_6,5,57,192.168.1.72,2,4,login,2025-03-16 05:20:37.155315
user_5,11,81,192.168.1.120,4,5,login,2025-03-17 11:53:37.155315
user_1,18,45,192.168.1.154,0,6,login,2025-03-27 18:38:37.155315
user_5,12,62,192.168.1.63,0,3,login,2025-03-23 12:59:37.155315
user_7,14,114,192.168.1.161,0,1,login,2025-04-02 14:33:37.155315
user_10,2,6,192.168.1.164,2,6,login,2025-03-20 02:53:37.155315
user_6,11,84,192.168.1.155,4,1,login,2025-03-25 11:29:37.155315
user_7,23,13,192.168.1.39,0,5,login,2025-03-26 23:41:37.155315
user_2,21,108,192.168.1.16,4,5,login,2025-03-21 21:37:37.155315
user_9,21,12,192.168.1.63,1,5,logout,2025-03-29 21:08:37.155315
user_8,22,13,192.168.1.211,0,6,login,2025-04-11 22:56:37.155315
user_4,1,26,192.168.1.3,3,3,login,2025-03-29 01:01:37.155315
user_8,20,36,192.168.1.67,4,1,login,2025-04-10 20:06:37.155315
user_2,9,51,192.168.1.228,3,2,login,2025-03-21 09:52:37.156316
user_6,13,103,192.168.1.11,4,2,login,2025-03-27 13:35:37.156316
user_1,18,76,192.168.1.122,4,0,login,2025-04-05 18:05:37.156316
user_9,15,60,192.168.1.243,3,4,login,2025-03-15 15:11:37.156316
user_9,4,10,192.168.1.202,1,2,login,2025-03-23 04:29:37.156316
user_9,16,93,192.168.1.145,1,5,logout,2025-04-09 16:13:37.156316
user_7,6,23,192.168.1.174,2,2,login,2025-04-05 06:52:37.156316
user_6,18,12,192.168.1.134,3,2,login,2025-04-06 18:18:37.156316
user_2,18,26,192.168.1.66,2,0,logout,2025-03-25 18:23:37.156316
user_10,0,50,192.168.1.253,4,2,login,2025-03-17 00:01:37.156316
user_10,20,11,192.168.1.90,3,6,login,2025-04-11 20:00:37.156316
user_9,10,69,192.168.1.240,3,1,logout,2025-03-27 10:20:37.156316
user_9,18,67,192.168.1.136,4,2,login,2025-04-07 18:17:37.156316
user_4,15,57,192.168.1.253,4,6,logout,2025-03-23 15:42:37.157320
user_5,20,97,192.168.1.150,3,3,login,2025-04-04 20:07:37.157320
user_4,18,15,192.168.1.109,3,0,logout,2025-03-15 18:32:37.157320
user_9,4,20,192.168.1.88,4,5,login,2025-03-21 04:08:37.157320
user_9,2,10,192.168.1.57,1,4,login,2025-03-16 02:04:37.157320
user_7,0,41,192.168.1.162,3,4,logout,2025-04-05 00:33:37.157320
user_6,18,35,192.168.1.251,4,3,login,2025-04-10 18:18:37.157320
user_5,17,89,192.168.1.183,0,5,login,2025-03-19 17:42:37.157320
user_9,20,98,192.168.1.156,1,0,login,2025-04-11 20:19:37.157320
user_8,7,106,192.168.1.135,2,0,login,2025-04-04 07:34:37.157320
user_7,17,47,192.168.1.93,1,1,login,2025-04-11 17:27:37.157320
user_7,23,52,192.168.1.20,4,3,login,2025-03-22 23:50:37.157320
user_5,7,90,192.168.1.58,3,5,login,2025-03-22 07:40:37.157320
user_5,12,64,192.168.1.87,3,3,login,2025-03-23 12:15:37.158322
user_7,5,23,192.168.1.190,0,1,login,2025-03-22 05:12:37.158322
user_10,7,98,192.168.1.72,0,4,login,2025-03-16 07:49:37.158322
user_10,1,66,192.168.1.235,1,3,login,2025-03-29 01:46:37.158322
user_6,6,102,192.168.1.155,1,4,login,2025-03-28 06:07:37.158322
user_4,4,104,192.168.1.101,1,1,login,2025-03-15 04:29:37.158322
user_5,7,22,192.168.1.110,0,2,login,2025-03-29 07:29:37.158322
user_1,10,86,192.168.1.29,4,2,login,2025-03-15 10:34:37.158322
user_10,4,49,192.168.1.204,0,1,login,2025-04-07 04:49:37.158322
user_2,12,35,192.168.1.98,2,0,login,2025-03-24 12:31:37.158322
user_10,1,6,192.168.1.74,3,0,login,2025-03-25 01:48:37.158322
user_10,14,114,192.168.1.226,3,3,logout,2025-03-25 14:53:37.158322
user_4,6,116,192.168.1.201,4,4,login,2025-03-31 06:32:37.158322
user_6,19,109,192.168.1.147,0,2,login,2025-03-20 19:55:37.159324
user_6,11,102,192.168.1.82,4,0,login,2025-03-27 11:36:37.159324
user_5,2,62,192.168.1.225,3,2,login,2025-03-31 02:15:37.159324
user_2,0,88,192.168.1.38,3,0,login,2025-04-05 00:53:37.159324
user_2,1,84,192.168.1.113,3,5,logout,2025-04-07 01:18:37.159324
user_9,15,60,192.168.1.32,3,3,login,2025-04-01 15:06:37.159324
user_4,8,97,192.168.1.173,2,6,login,2025-04-04 08:24:37.159324
user_7,6,47,192.168.1.69,4,0,login,2025-04-11 06:31:37.159324
user_2,14,40,192.168.1.18,2,3,logout,2025-03-25 14:17:37.159324
user_2,5,27,192.168.1.173,0,5,login,2025-03-22 05:11:37.159324
user_8,22,3,192.168.1.197,4,2,login,2025-03-25 22:50:37.159324
user_1,12,48,192.168.1.86,2,5,login,2025-03-14 12:26:37.159324
user_3,15,7,192.168.1.22,1,4,login,2025-04-04 15:12:37.159324
user_2,4,42,192.168.1.12,2,5,login,2025-03-28 04:57:37.160326
user_8,12,19,192.168.1.19,1,4,login,2025-03-17 12:44:37.160326
user_7,23,59,192.168.1.103,3,0,login,2025-03-31 23:18:37.160326
user_8,12,53,192.168.1.223,3,3,login,2025-04-11 12:07:37.160326
user_5,22,58,192.168.1.230,0,2,logout,2025-04-08 22:19:37.160326
user_1,22,50,192.168.1.244,1,2,logout,2025-04-08 22:26:37.160326
user_10,11,61,192.168.1.169,2,0,logout,2025-04-10 11:09:37.160326
user_4,17,92,192.168.1.254,1,3,login,2025-03-29 17:29:37.160326
user_4,9,14,192.168.1.4,3,2,login,2025-03-18 09:49:37.160326
user_8,3,56,192.168.1.23,1,2,login,2025-04-10 03:03:37.160326
user_3,12,9,192.168.1.229,0,0,logout,2025-03-29 12:58:37.160326
user_2,7,40,192.168.1.163,4,4,login,2025-03-26 07:27:37.160326
user_8,4,80,192.168.1.63,0,5,login,2025-03-26 04:55:37.160326
user_4,5,56,192.168.1.232,3,2,login,2025-03-14 05:15:37.160326
user_1,0,95,192.168.1.137,3,5,login,2025-03-21 00:34:37.161327
user_4,8,85,192.168.1.75,3,4,login,2025-04-05 08:05:37.161327
user_4,21,103,192.168.1.239,3,4,login,2025-03-31 21:55:37.161327
user_9,18,9,192.168.1.32,0,1,login,2025-04-09 18:40:37.161327
user_10,22,35,192.168.1.22,2,5,login,2025-03-18 22:30:37.161327
user_6,22,70,192.168.1.254,4,4,login,2025-04-10 22:30:37.161327
user_2,4,79,192.168.1.36,1,3,login,2025-04-04 04:03:37.161327
user_7,17,8,192.168.1.205,1,5,login,2025-03-13 17:22:37.161327
user_4,21,30,192.168.1.149,2,5,login,2025-04-09 21:50:37.161327
user_5,15,42,192.168.1.253,2,0,login,2025-04-11 15:16:37.161327
user_4,15,72,192.168.1.64,4,2,login,2025-03-15 15:52:37.161327
user_9,7,85,192.168.1.55,2,4,login,2025-03-28 07:43:37.161327
user_5,18,80,192.168.1.159,2,3,logout,2025-03-25 18:14:37.161327
user_8,2,72,192.168.1.44,4,3,login,2025-03-14 02:43:37.162329
user_7,8,43,192.168.1.237,2,6,login,2025-03-24 08:07:37.162329
user_10,23,27,192.168.1.242,0,2,logout,2025-04-04 23:56:37.162329
user_7,21,89,192.168.1.192,0,6,login,2025-04-04 21:35:37.162329
user_9,12,47,192.168.1.152,1,3,login,2025-03-14 12:30:37.162329
user_8,23,97,192.168.1.85,1,0,logout,2025-04-05 23:21:37.162329
user_1,20,101,192.168.1.28,2,4,logout,2025-03-22 20:49:37.162329
user_9,16,7,192.168.1.204,4,0,login,2025-03-27 16:05:37.162329
user_4,7,44,192.168.1.122,0,4,login,2025-03-15 07:16:37.162329
user_8,19,58,192.168.1.49,1,5,login,2025-04-02 19:00:37.162329
user_10,8,59,192.168.1.129,1,3,login,2025-04-07 08:23:37.162329
user_10,14,86,192.168.1.252,3,0,logout,2025-03-29 14:36:37.162329
user_7,3,25,192.168.1.203,3,0,login,2025-03-25 03:33:37.162329
user_10,19,38,192.168.1.27,0,3,login,2025-03-17 19:43:37.163331
user_10,17,76,192.168.1.200,3,1,login,2025-03-31 17:30:37.163331
user_9,9,92,192.168.1.160,1,2,login,2025-03-25 09:48:37.163331
user_8,13,58,192.168.1.226,1,0,login,2025-03-24 13:00:37.163331
user_9,12,54,192.168.1.34,2,2,login,2025-03-15 12:06:37.163331
user_1,15,62,192.168.1.162,2,4,login,2025-04-08 15:29:37.163331
user_2,13,75,192.168.1.135,3,4,login,2025-03-19 13:43:37.163331
user_5,3,17,192.168.1.220,2,6,login,2025-04-07 03:04:37.163331
user_3,21,46,192.168.1.228,4,5,login,2025-03-14 21:29:37.163331
user_5,17,112,192.168.1.210,0,6,login,2025-04-03 17:22:37.163331
user_8,11,33,192.168.1.77,4,0,login,2025-03-18 11:17:37.163331
user_9,12,84,192.168.1.105,0,0,logout,2025-03-30 12:11:37.163331
user_9,13,117,192.168.1.67,2,1,logout,2025-03-26 13:26:37.163331
user_7,4,61,192.168.1.253,0,2,login,2025-04-09 04:22:37.164333
user_9,12,76,192.168.1.59,1,4,logout,2025-03-30 12:28:37.164333
user_8,20,75,192.168.1.121,1,2,login,2025-03-15 20:19:37.164333
user_3,12,50,192.168.1.84,2,3,login,2025-03-15 12:06:37.164333
user_4,23,40,192.168.1.167,2,5,login,2025-03-16 23:11:37.164333
user_6,15,97,192.168.1.54,2,0,login,2025-03-26 15:54:37.164333
user_4,6,75,192.168.1.58,3,5,login,2025-04-03 06:18:37.164333
user_8,14,3,192.168.1.59,0,3,login,2025-03-20 14:07:37.164333
user_9,8,108,192.168.1.132,3,3,login,2025-03-15 08:20:37.164333
user_2,18,55,192.168.1.205,0,6,login,2025-03-22 18:44:37.164333
user_2,1,66,192.168.1.74,1,3,login,2025-04-11 01:36:37.164333
user_8,14,115,192.168.1.191,2,0,login,2025-03-28 14:44:37.164333
user_8,15,107,192.168.1.240,0,4,login,2025-04-10 15:42:37.164333
user_3,14,96,192.168.1.47,4,3,login,2025-03-18 14:09:37.165334
user_7,20,110,192.168.1.74,0,2,login,2025-04-04 20:47:37.165334
user_5,22,70,192.168.1.74,4,4,login,2025-03-27 22:07:37.165334
user_9,9,29,192.168.1.161,3,1,login,2025-03-23 09:22:37.165334
user_4,7,53,192.168.1.107,4,0,login,2025-03-21 07:05:37.165334
user_9,22,114,192.168.1.109,3,2,login,2025-03-24 22:03:37.165334
user_6,7,31,192.168.1.180,3,0,login,2025-04-04 07:27:37.165334
user_5,19,99,192.168.1.108,2,6,login,2025-04-01 19:14:37.165334
user_9,20,58,192.168.1.95,4,0,login,2025-03-20 20:58:37.165334
user_5,17,45,192.168.1.113,4,3,login,2025-04-03 17:57:37.165334
user_4,22,39,192.168.1.105,4,1,login,2025-03-24 22:14:37.165334
user_10,16,86,192.168.1.91,0,0,login,2025-04-09 16:32:37.165334
user_3,11,28,192.168.1.127,2,6,login,2025-04-06 11:16:37.165334
user_9,17,66,192.168.1.177,2,2,login,2025-03-30 17:41:37.165334
user_8,16,27,192.168.1.187,2,0,login,2025-04-07 16:27:37.166336
user_4,12,14,192.168.1.29,0,1,login,2025-03-30 12:17:37.166336
user_1,20,47,192.168.1.41,4,3,login,2025-03-13 20:16:37.166336
user_8,9,68,192.168.1.72,2,5,login,2025-04-11 09:09:37.166336
user_10,9,8,192.168.1.29,3,5,login,2025-03-31 09:01:37.166336
user_6,18,104,192.168.1.29,4,3,login,2025-03-21 18:42:37.166336
user_10,19,75,192.168.1.123,4,3,login,2025-04-03 19:48:37.166336
user_5,6,91,192.168.1.250,3,3,login,2025-04-09 06:01:37.166336
user_7,13,75,192.168.1.193,1,0,login,2025-03-25 13:32:37.166336
user_9,15,25,192.168.1.67,4,0,login,2025-03-26 15:29:37.166336
user_6,17,50,192.168.1.152,4,4,login,2025-03-21 17:20:37.166336
user_9,2,112,192.168.1.132,4,4,login,2025-04-02 02:56:37.167399
user_7,21,57,192.168.1.55,1,4,login,2025-03-21 21:01:37.167399
user_4,22,76,192.168.1.129,4,2,login,2025-04-03 22:58:37.167399
user_2,23,117,192.168.1.55,4,3,logout,2025-04-02 23:46:37.167399
user_9,14,108,192.168.1.63,1,3,login,2025-04-05 14:56:37.167399
user_4,10,27,192.168.1.110,0,4,login,2025-04-11 10:55:37.167399
user_3,5,38,192.168.1.225,1,5,login,2025-03-15 05:37:37.167399
user_2,6,82,192.168.1.171,1,6,login,2025-03-27 06:16:37.167399
user_7,3,73,192.168.1.240,0,4,login,2025-04-07 03:12:37.167399
user_3,17,58,192.168.1.61,1,6,login,2025-03-24 17:16:37.167399
user_5,21,33,192.168.1.139,0,1,login,2025-03-15 21:55:37.167399
user_10,1,34,192.168.1.230,2,3,login,2025-03-17 01:07:37.167399
user_8,5,18,192.168.1.35,4,3,login,2025-03-31 05:07:37.167399
user_5,16,95,192.168.1.126,4,5,logout,2025-03-25 16:07:37.167399
user_1,17,104,192.168.1.206,0,6,login,2025-04-10 17:20:37.168401
user_10,2,27,192.168.1.106,1,0,login,2025-03-29 02:57:37.168401
user_2,23,85,192.168.1.66,3,5,login,2025-03-29 23:22:37.168401
user_8,5,93,192.168.1.201,0,3,logout,2025-03-23 05:21:37.168401
user_6,8,40,192.168.1.201,4,3,login,2025-04-11 08:59:37.168401
user_3,12,37,192.168.1.11,4,3,login,2025-04-03 12:59:37.168401
user_4,0,6,192.168.1.122,2,1,login,2025-04-01 00:13:37.168401
user_9,12,76,192.168.1.39,3,2,login,2025-03-30 12:40:37.168401
user_4,3,114,192.168.1.88,1,4,logout,2025-03-18 03:34:37.168401
user_10,9,53,192.168.1.55,3,5,login,2025-03-14 09:38:37.168401
user_9,17,78,192.168.1.237,2,5,login,2025-04-05 17:04:37.168401
user_9,5,56,192.168.1.154,2,1,login,2025-04-05 05:31:37.168401
user_9,19,118,192.168.1.28,1,6,login,2025-04-03 19:50:37.168401
user_10,0,69,192.168.1.93,4,3,login,2025-03-13 00:53:37.169403
user_2,11,50,192.168.1.39,2,5,login,2025-03-21 11:29:37.169403
user_4,2,71,192.168.1.152,0,5,login,2025-03-13 02:59:37.169403
user_2,23,9,192.168.1.225,2,2,login,2025-04-01 23:23:37.169403
user_10,17,69,192.168.1.158,4,1,login,2025-03-14 17:40:37.169403
user_5,5,68,192.168.1.41,4,4,login,2025-03-26 05:14:37.169403
user_4,0,78,192.168.1.95,2,1,login,2025-03-30 00:13:37.169403
user_9,3,47,192.168.1.96,1,5,login,2025-03-14 03:20:37.169403
user_8,9,84,192.168.1.73,3,3,login,2025-03-15 09:55:37.169403
user_10,10,33,192.168.1.92,2,6,login,2025-04-03 10:35:37.169403
user_8,6,78,192.168.1.11,1,6,login,2025-03-16 06:31:37.169403
user_2,11,92,192.168.1.154,1,6,login,2025-04-09 11:20:37.169403
user_10,7,67,192.168.1.84,3,4,login,2025-03-20 07:55:37.169403
user_9,2,48,192.168.1.7,1,1,login,2025-03-23 02:46:37.170405
user_5,13,28,192.168.1.63,3,5,login,2025-04-08 13:10:37.170405
user_10,6,91,192.168.1.201,3,0,login,2025-03-29 06:25:37.170405
user_2,5,46,192.168.1.187,4,5,login,2025-04-11 05:54:37.170405
user_3,20,56,192.168.1.181,1,4,login,2025-04-01 20:11:37.170405
user_6,8,17,192.168.1.152,3,2,login,2025-03-27 08:16:37.170405
user_4,4,23,192.168.1.6,3,2,login,2025-04-06 04:40:37.170405
user_6,3,72,192.168.1.205,3,3,login,2025-03-15 03:09:37.170405
user_8,19,113,192.168.1.243,3,6,logout,2025-03-18 19:55:37.170405
user_2,10,96,192.168.1.33,0,6,login,2025-03-23 10:00:37.170405
user_8,3,105,192.168.1.106,3,6,login,2025-03-15 03:04:37.170405
user_9,20,45,192.168.1.236,2,5,login,2025-04-09 20:17:37.170405
user_4,17,85,192.168.1.186,3,5,login,2025-04-11 17:25:37.170405
user_7,20,101,192.168.1.27,3,3,login,2025-03-30 20:49:37.171406
user_6,10,74,192.168.1.187,2,5,login,2025-03-21 10:20:37.171406
user_9,21,35,192.168.1.67,4,5,login,2025-03-24 21:39:37.171406
user_3,18,78,192.168.1.242,3,0,login,2025-03-15 18:25:37.171406
user_4,14,7,192.168.1.70,3,3,logout,2025-04-11 14:56:37.171406
user_6,12,90,192.168.1.188,2,3,login,2025-03-13 12:01:37.171406
user_7,11,59,192.168.1.63,1,5,login,2025-03-16 11:41:37.171406
user_9,17,14,192.168.1.145,1,4,login,2025-04-10 17:28:37.171406
user_4,13,54,192.168.1.171,0,0,login,2025-03-29 13:16:37.171406
user_6,3,111,192.168.1.245,3,0,login,2025-04-03 03:05:37.171406
user_2,16,85,192.168.1.72,2,5,login,2025-04-08 16:04:37.171406
user_8,14,83,192.168.1.130,4,5,login,2025-04-09 14:26:37.171406
user_4,16,2,192.168.1.188,4,2,login,2025-03-14 16:49:37.171406
user_1,18,93,192.168.1.176,2,0,login,2025-03-16 18:49:37.172408
user_3,7,35,192.168.1.244,3,4,login,2025-03-29 07:32:37.172408
user_7,9,36,192.168.1.64,1,6,logout,2025-03-23 09:16:37.172408
user_1,6,5,192.168.1.149,1,4,login,2025-03-19 06:59:37.172408
user_1,18,12,192.168.1.136,1,2,logout,2025-03-21 18:36:37.172408
user_1,0,27,192.168.1.143,2,6,login,2025-03-22 00:08:37.172408
user_6,18,96,192.168.1.148,1,4,logout,2025-03-19 18:28:37.172408
user_6,23,71,192.168.1.186,4,0,login,2025-03-23 23:01:37.172408
user_5,22,109,192.168.1.192,4,0,login,2025-03-28 22:47:37.172408
user_5,3,73,192.168.1.60,2,5,login,2025-03-20 03:37:37.172408
user_3,22,88,192.168.1.17,4,2,login,2025-03-27 22:46:37.172408
user_6,9,18,192.168.1.121,4,0,login,2025-03-31 09:30:37.172408
user_3,21,11,192.168.1.120,0,6,login,2025-04-04 21:27:37.172408
user_10,17,71,192.168.1.65,0,2,logout,2025-03-17 17:17:37.172408
user_9,0,34,192.168.1.202,1,5,login,2025-04-11 00:44:37.173410
user_2,21,16,192.168.1.238,2,4,login,2025-03-31 21:37:37.173410
user_9,18,88,192.168.1.44,4,4,login,2025-03-21 18:41:37.173410
user_1,10,67,192.168.1.7,2,0,login,2025-03-20 10:04:37.173410
user_4,5,86,192.168.1.242,3,0,login,2025-03-16 05:40:37.173410
user_9,21,52,192.168.1.203,2,1,logout,2025-03-21 21:12:37.173410
user_7,18,57,192.168.1.33,2,5,login,2025-03-18 18:31:37.173410
user_9,23,84,192.168.1.179,2,1,login,2025-04-04 23:52:37.173410
user_10,17,15,192.168.1.78,2,3,login,2025-03-25 17:09:37.173410
user_1,3,118,192.168.1.196,3,6,login,2025-03-15 03:23:37.173410
user_9,16,64,192.168.1.126,1,2,login,2025-03-24 16:40:37.173410
user_6,17,19,192.168.1.245,0,6,login,2025-03-15 17:28:37.173410
user_1,22,92,192.168.1.113,0,5,login,2025-03-26 22:59:37.173410
user_2,16,78,192.168.1.179,2,6,login,2025-03-29 16:01:37.174412
user_7,10,7,192.168.1.114,4,2,logout,2025-03-18 10:10:37.174412
user_1,6,116,192.168.1.108,0,3,login,2025-04-02 06:09:37.174412
user_9,0,97,192.168.1.78,2,3,login,2025-03-23 00:52:37.174412
user_10,14,2,192.168.1.30,1,5,login,2025-04-04 14:19:37.174412
user_7,21,107,192.168.1.122,2,5,login,2025-03-30 21:05:37.174412
user_1,1,58,192.168.1.250,4,2,login,2025-04-07 01:29:37.174412
user_10,13,100,192.168.1.241,1,1,logout,2025-03-18 13:56:37.174412
user_1,9,66,192.168.1.118,1,2,login,2025-03-26 09:39:37.174412
user_4,2,117,192.168.1.137,3,6,login,2025-03-13 02:49:37.174412
user_7,23,96,192.168.1.252,3,0,login,2025-03-30 23:12:37.174412
user_4,23,39,192.168.1.145,1,4,login,2025-03-24 23:01:37.174412
user_4,8,35,192.168.1.85,3,4,login,2025-03-25 08:01:37.174412
user_6,13,30,192.168.1.3,4,4,login,2025-03-16 13:57:37.175416
user_5,19,97,192.168.1.141,3,2,login,2025-03-31 19:37:37.175416
user_7,9,34,192.168.1.16,3,5,login,2025-03-27 09:01:37.175416
user_9,7,16,192.168.1.250,2,0,login,2025-04-09 07:31:37.175416
user_1,19,9,192.168.1.31,1,3,login,2025-03-13 19:28:37.175416
user_2,12,79,192.168.1.241,3,5,login,2025-03-19 12:45:37.175416
user_10,16,101,192.168.1.98,3,4,login,2025-04-11 16:47:37.175416
user_10,0,15,192.168.1.12,1,3,login,2025-03-26 00:55:37.175416
user_5,19,26,192.168.1.171,0,5,logout,2025-04-09 19:51:37.175416
user_9,8,36,192.168.1.115,4,3,login,2025-04-08 08:11:37.175416
user_3,0,60,192.168.1.238,3,1,login,2025-03-13 00:38:37.175416
user_4,1,117,192.168.1.179,1,2,login,2025-03-24 01:22:37.175416
user_10,14,110,192.168.1.70,2,2,login,2025-04-01 14:18:37.176469
user_2,16,113,192.168.1.9,0,6,login,2025-03-30 16:00:37.176469
user_2,4,41,192.168.1.60,3,0,login,2025-03-13 04:41:37.176469
user_5,0,47,192.168.1.248,0,3,login,2025-03-15 00:39:37.176469
user_9,18,34,192.168.1.130,4,4,login,2025-03-21 18:34:37.176469
user_3,11,22,192.168.1.124,0,5,login,2025-04-10 11:49:37.176469
user_9,7,10,192.168.1.55,2,4,login,2025-03-23 07:14:37.176469
user_5,6,63,192.168.1.33,0,6,login,2025-04-05 06:36:37.176469
user_2,13,31,192.168.1.3,3,2,login,2025-03-21 13:07:37.176469
user_7,8,55,192.168.1.149,1,6,login,2025-03-18 08:50:37.176469
user_9,3,27,192.168.1.136,0,1,login,2025-03-25 03:40:37.176469
user_5,14,83,192.168.1.20,0,4,login,2025-03-28 14:25:37.176469
user_7,5,40,192.168.1.24,2,1,logout,2025-04-02 05:55:37.176469
user_5,0,33,192.168.1.49,3,0,login,2025-03-27 00:44:37.176469
user_1,13,72,192.168.1.146,4,2,login,2025-03-13 13:22:37.177471
user_8,11,50,192.168.1.138,4,2,login,2025-03-14 11:03:37.177471
